{"w": [-0.048717290360913865, -0.003071961915371867, 1.053344784129156], "b": 1.1363058495678607e-15, "mu": [4.720004327642123e-16, -1.274934489353893e-18, 1.0403968997917098e-15], "sd": [0.8576507298430563, 0.8552994393718494, 0.9547086862119247], "features": ["L_elo", "L_ml", "L_mkt"]}