{"w": [0.3098297474268571, 0.1622527274253363, 0.3057501669372103, 0.10099313247729251, 0.0023675865550084486, -0.09031508677107952, 2.449907683083732e-19, 7.386373072507745e-19, 0.0, 0.0], "b": 3.4937568184869655e-19, "mu": [0.0, 0.0, 0.0, 0.0, 0.0, 0.0, 0.10460802901656913, 1.4480644629461572, 0.0, 0.0], "sd": [2.2105295508372054, 1.7124494997255166, 1.1151876618316412, 0.6354387373620698, 0.22081152274316188, 1.517139053935874, 0.30604769218839206, 1.1888650147439046, 1e-09, 1e-09], "features": ["elo_diff", "surf_diff", "p_elo_logit", "rank_diff", "form_diff", "rest_diff", "best_of5", "n_min", "serve_diff", "ret_diff"]}